m,k,c,x0,md,R,ω,ωn,ζ,ωd,F0,δ
7,30000,100,0.006,0.2,0.25,120,65.47,0.11,65.07,720,0.024
20,12000,220,0.03,0.2,0.35,100,24.49,0.22,23.87,700,0.05833
4,5000,0,0,0.4,0.02,200,35.36,0,35.36,320,0.064
5,50000,0,0.007,0.8,0.02,120,100,0,100,230.4,0.00461